{
  "num_raters": 3,
  "config_means": {
    "A": {
      "dims": {
        "accuracy": 4.285714285714286,
        "depth": 3.9285714285714284,
        "novelty": 3.0,
        "actionability": 4.404761904761905,
        "integration": 1.8095238095238095
      },
      "overall": 3.4857142857142853
    },
    "B": {
      "dims": {
        "accuracy": 4.285714285714286,
        "depth": 3.9285714285714284,
        "novelty": 2.9761904761904763,
        "actionability": 4.809523809523809,
        "integration": 1.4523809523809523
      },
      "overall": 3.4904761904761905
    },
    "C": {
      "dims": {
        "accuracy": 4.071428571428571,
        "depth": 3.9761904761904763,
        "novelty": 3.238095238095238,
        "actionability": 4.380952380952381,
        "integration": 1.9047619047619047
      },
      "overall": 3.5142857142857147
    },
    "D": {
      "dims": {
        "accuracy": 4.071428571428571,
        "depth": 4.0,
        "novelty": 3.142857142857143,
        "actionability": 4.166666666666667,
        "integration": 1.7142857142857142
      },
      "overall": 3.419047619047619
    },
    "E": {
      "dims": {
        "accuracy": 3.5952380952380953,
        "depth": 4.214285714285714,
        "novelty": 3.6904761904761907,
        "actionability": 3.5476190476190474,
        "integration": 3.9047619047619047
      },
      "overall": 3.7904761904761903
    },
    "F": {
      "dims": {
        "accuracy": 3.5952380952380953,
        "depth": 4.333333333333333,
        "novelty": 3.9285714285714284,
        "actionability": 3.5714285714285716,
        "integration": 4.023809523809524
      },
      "overall": 3.8904761904761904
    },
    "G": {
      "dims": {
        "accuracy": 3.738095238095238,
        "depth": 4.309523809523809,
        "novelty": 3.857142857142857,
        "actionability": 3.6666666666666665,
        "integration": 3.9761904761904763
      },
      "overall": 3.9095238095238094
    },
    "H": {
      "dims": {
        "accuracy": 4.071428571428571,
        "depth": 4.476190476190476,
        "novelty": 3.9523809523809526,
        "actionability": 2.0238095238095237,
        "integration": 4.523809523809524
      },
      "overall": 3.8095238095238093
    }
  },
  "inr": 1.2793834296724471
}